Date,close,returns,forecasted_price
2020-01-01,7168.31,0.9928957282951965,7256.119269413127
2020-01-02,7175.68,1.0010281363389697,7260.080681718265
2020-01-03,6944.33,0.9677591531394933,7269.741567027752
2020-01-04,7326.35,1.0550117865942432,7278.807509468836
2020-01-05,7347.89,1.00294007247811,7288.30230411336
2020-01-06,7351.57,1.0005008240460866,7298.049273431006
2020-01-07,7759.24,1.0554534609614001,7308.069051533155
2020-01-08,8165.47,1.0523543542924307,7318.350172798378
2020-01-09,8042.65,0.9849586123027823,7328.886712220253
2020-01-10,7817.92,0.9720577172946728,7339.672097616498
2020-01-11,8184.66,1.0469101755965782,7350.700115634424
2020-01-12,8021.49,0.9800639244635696,7361.964737426761
2020-01-13,8173.97,1.0190089372423328,7373.460138450101
2020-01-14,8105.24,0.9915916011436303,7385.1806867663045
2020-01-15,8842.42,1.090951039080891,7397.1209368632535
2020-01-16,8813.89,0.9967735077049042,7409.275622901955
2020-01-17,8722.03,0.9895778141093208,7421.639652374355
2020-01-18,8900.34,1.0204436352546367,7434.208099995291
2020-01-19,8910.85,1.001180853765137,7446.976201843403
2020-01-20,8703.36,0.976714903740945,7459.939349735129
2020-01-21,8626.47,0.9911654809177144,7473.093085821786
2020-01-22,8722.26,1.0111041944155605,7486.4330973992655
2020-01-23,8658.94,0.9927404136083997,7499.955211920741
2020-01-24,8388.11,0.9687224995207265,7513.655392203199
2020-01-25,8428.17,1.0047758076610822,7527.529731819038
2020-01-26,8327.36,0.9880389218537358,7541.57445066447
2020-01-27,8588.42,1.0313496714444914,7555.785890696989
2020-01-28,8895.78,1.035787723469509,7570.160511834287
2020-01-29,9385.69,1.0550721802922285,7584.694888007795
2020-01-30,9279.81,0.9887189966853794,7599.385703363914
2020-01-31,9502.37,1.0239832496570513,7614.229748606719
2020-02-01,9333.77,0.9822570579760628,7629.223917476032
2020-02-02,9378.09,1.0047483492736589,7644.3652033551525
2020-02-03,9314.56,0.9932256994761193,7659.650696002649
2020-02-04,9162.14,0.9836363714442765,7675.077578403208
2020-02-05,9162.14,1.0,7690.643123732438
2020-02-06,9614.9,1.0494164027181423,7706.3446924309055
2020-02-07,9755.66,1.0146397778448033,7722.179729383058
2020-02-08,9807.54,1.0053179385095423,7738.145761196597
2020-02-09,9907.12,1.0101534125784855,7754.240393578352
2020-02-10,10162.41,1.025768336307625,7770.461308802641
2020-02-11,9854.79,0.9697296212217379,7786.806263268576
2020-02-12,10275.38,1.0426787379538274,7803.2730851426495
2020-02-13,10354.3,1.0076804945413211,7819.859672083224
2020-02-14,10242.43,0.989195793052162,7836.563989043896
2020-02-15,10368.53,1.012311531540855,7853.384066152395
2020-02-16,9904.17,0.9552144807412429,7870.317996662268
2020-02-17,9937.67,1.0033824136702016,7887.363934974514
2020-02-18,9703.93,0.9764793960757401,7904.520094726456
2020-02-19,10180.65,1.0491264879280868,7921.784746945278
2020-02-20,9604.72,0.9434289559114595,7939.156218263873
2020-02-21,9606.86,1.000222807119833,7956.632889196502
2020-02-22,9696.58,1.0093391597254462,7974.213192472228
2020-02-23,9669.63,0.9972206695556577,7991.895611423749
2020-02-24,9989.39,1.033068483489027,8009.678678429785
2020-02-25,9663.75,0.967401412899086,8027.56097340893
2020-02-26,9309.15,0.9633061699650757,8045.541122363122
2020-02-27,8785.52,0.9437510406428085,8063.617795968902
2020-02-28,8804.72,1.0021854141815167,8081.789708214789
2020-02-29,8712.35,0.9895090360624756,8100.055615083053
2020-03-01,8534.17,0.9795485718548956,8118.414313274313
2020-03-02,8912.82,1.0443686966629444,8136.864638973454
2020-03-03,8912.82,1.0,8155.405466655383
2020-03-04,8754.34,0.9822188712438936,8174.035707929194
2020-03-05,8758.9,1.0005208844984317,8192.754310419446
2020-03-06,9067.39,1.035220176049504,8211.560256683215
2020-03-07,9155.89,1.0097602507447017,8230.452563161693
2020-03-08,8898.63,0.9719022399788552,8249.430279165148
2020-03-09,8039.38,0.9034401924790672,8268.492485890029
2020-03-10,7931.94,0.9866357853466311,8287.638295467259
2020-03-11,7885.46,0.9941401473031819,8306.866850040473
2020-03-12,7936.65,1.0064916948408844,8326.177320873281
2020-03-13,4830.21,0.6085955661393662,8345.56890748464
2020-03-14,5609.03,1.1612393664043592,8365.040836811168
2020-03-15,5166.26,0.9210612173584382,8384.592362395775
2020-03-16,5348.44,1.0352634207337608,8404.222763601465
2020-03-17,5026.35,0.9397787018270749,8423.931344849685
2020-03-18,5357.61,1.0659046823241516,8443.71743488227
2020-03-19,5410.23,1.0098215435614015,8463.580386046242
2020-03-20,6195.2,1.1450899499651586,8483.519573600743
2020-03-21,6226.44,1.0050426136363635,8503.534395045333
2020-03-22,6189.85,0.9941234477486334,8523.624269468957
2020-03-23,5822.62,0.9406722295370646,8543.788636918913
2020-03-24,6502.16,1.1167069120086834,8564.026957789241
2020-03-25,6768.49,1.0409602347527591,8584.338712227725
2020-03-26,6698.46,0.9896535268575414,8604.723399561104
2020-03-27,6763.75,1.0097470164784144,8625.180537737799
2020-03-28,6369.09,0.9416507115135835,8645.709662787624
2020-03-29,6260.95,0.9830211223267373,8666.310328297906
2020-03-30,5885.41,0.9400186872599207,8686.982104905534
2020-03-31,6405.29,1.0883336929797585,8707.724579804375
2020-04-01,6428.28,1.003589220784695,8728.537356267661
2020-04-02,6652.87,1.0349378060694308,8749.420053184796
2020-04-03,6809.11,1.0234846013825611,8770.372304612112
2020-04-04,6741.67,0.9900956218947852,8791.393759337212
2020-04-05,6871.69,1.019286022602708,8812.484080456414
2020-04-06,6777.44,0.9862843056074998,8833.6429449649
2020-04-07,7343.2,1.083476947047853,8854.870043359211
2020-04-08,7205.55,0.9812547663144133,8876.16507925163
2020-04-09,7365.03,1.0221329391927056,8897.527768996111
2020-04-10,7293.69,0.9903136850766392,8918.957841325484
2020-04-11,6873.24,0.9423542815776377,8940.455036999403
2020-04-12,6891.6,1.0026712292892437,8962.019108462886
2020-04-13,6915.37,1.0034491264728074,8983.649819515058
2020-04-14,6857.66,0.9916548210724806,9005.346944987701
2020-04-15,6871.95,1.0020838011799944,9027.110270433413
2020-04-16,6623.8,0.9638894345855252,9048.939591823097
2020-04-17,7112.27,1.0737446782813491,9070.834715252362
2020-04-18,7034.89,0.9891202105656843,9092.795456656686
2020-04-19,7259.36,1.0319081037514446,9114.821641535073
2020-04-20,7130.04,0.982185757422142,9136.913104681855
2020-04-21,6840.24,0.9593550667317434,9159.06968992643
2020-04-22,6852.52,1.0017952586458956,9181.291249880807
2020-04-23,7130.99,1.0406376048519377,9203.577645694493
2020-04-24,7477.6,1.0486061542646954,9225.928746816726
2020-04-25,7507.08,1.0039424414250562,9248.34443076571
2020-04-26,7549.52,1.0056533299232193,9270.82458290466
2020-04-27,7699.27,1.0198356981635919,9293.369096224471
2020-04-28,7790.66,1.0118699565023697,9315.977871132765
2020-04-29,7765.33,0.9967486708443187,9338.650815249252
2020-04-30,8777.63,1.1303614913983049,9361.387843207005
2020-05-01,8628.77,0.983040980310175,9384.188876459657
2020-05-02,8824.66,1.0227019609979173,9407.053843094309
2020-05-03,8973.82,1.0169026342091367,9429.982677649843
2020-05-04,8903.95,0.9922140181104592,9452.975320940699
2020-05-05,8885.93,0.9979761791115179,9476.031719885761
2020-05-06,9030.96,1.0163213079553854,9499.151827342255
2020-05-07,9170.79,1.0154834037577403,9522.33560194465
2020-05-08,10002.48,1.0906890246096572,9545.58300794812
2020-05-09,9821.8,0.9819364797530212,9568.894015076778
2020-05-10,9527.39,0.9700248426968581,9592.26859837623
2020-05-11,8754.46,0.9188728497521357,9615.706738070532
2020-05-12,8617.25,0.9843268459733668,9639.208419423321
2020-05-13,8814.53,1.0228936145522065,9662.773632603034
2020-05-14,9305.93,1.0557488601207323,9686.402372552082
2020-05-15,9790.31,1.052050681662123,9710.094638859835
2020-05-16,9303.59,0.9502855374344633,9733.850435639353
2020-05-17,9385.7,1.0088256253768708,9757.669771407753
2020-05-18,9669.4,1.0302268344396261,9781.55265897005
2020-05-19,9719.37,1.0051678490909468,9805.499115306397
2020-05-20,9785.74,1.0068286318969233,9829.50916146266
2020-05-21,9510.67,0.9718907307980796,9853.58282244421
2020-05-22,9057.57,0.9523587717794856,9877.720127112769
2020-05-23,9167.26,1.0121103121477395,9901.921108086346
2020-05-24,9178.32,1.0012064673632033,9926.185801642101
2020-05-25,8730.73,0.9512339948923114,9950.514247621959
2020-05-26,8899.66,1.01934889751487,9974.906489341125
2020-05-27,8842.85,0.9936166100727444,9999.362573499231
2020-05-28,9197.54,1.0401103716561968,10023.882550094007
2020-05-29,9569.21,1.0404097182507495,10048.466472337654
2020-05-30,9425.98,0.9850322022403104,10073.114396575464
2020-05-31,9698.1,1.0288691467624587,10097.826382207013
2020-06-01,9450.84,0.9745042843443561,10122.602491609552
2020-06-02,10204.23,1.0797167235928233,10147.442790063677
2020-06-03,9525.57,0.9334922870221467,10172.347345681152
2020-06-04,9658.04,1.0139067793318406,10197.31622933495
2020-06-05,9794.56,1.014135373222724,10222.349514591222
2020-06-06,9623.75,0.9825607275875589,10247.447277643323
2020-06-07,9670.43,1.0048505000649435,10272.609597247758
2020-06-08,9753.85,1.0086262968658064,10297.836554662075
2020-06-09,9782.59,1.0029465288065738,10323.12823358446
2020-06-10,9775.15,0.9992394652132002,10348.484720095217
2020-06-11,9892.13,1.011967079789057,10373.906102599949
2020-06-12,9286.42,0.9387684957638043,10399.39247177431
2020-06-13,9459.97,1.0186885796679452,10424.94392051058
2020-06-14,9473.5,1.001430237093775,10450.560543865577
2020-06-15,9330.07,0.9848598722752943,10476.242439010317
2020-06-16,9426.7,1.0103568354792622,10501.989705181008
2020-06-17,9526.0,1.0105339090031507,10527.802443631565
2020-06-18,9454.81,0.992526768843166,10553.68075758748
2020-06-19,9380.03,0.9920907982286266,10579.624752201134
2020-06-20,9300.15,0.9914840357653439,10605.634534508315
2020-06-21,9357.43,1.0061590404455842,10631.710213386112
2020-06-22,9284.78,0.992236116113078,10657.851899511987
2020-06-23,9691.9,1.043848104101551,10684.059705324165
2020-06-24,9621.49,0.9927351706063826,10710.333744983021
2020-06-25,9276.58,0.9641521219686348,10736.67413433382
2020-06-26,9240.85,0.9961483650224544,10763.08099087039
2020-06-27,9154.45,0.9906502107490113,10789.554433699937
2020-06-28,9004.23,0.9835904942405058,10816.094583508946
2020-06-29,9127.47,1.013686900490103,10842.70156253003
2020-06-30,9185.35,1.0063412972050307,10869.375494509797
2020-07-01,9133.97,0.9944063100480656,10896.116504677704
2020-07-02,9236.38,1.011211992156751,10922.92471971575
2020-07-03,9087.98,0.9839330993311233,10949.800267729146
2020-07-04,9072.42,0.9982878483447367,10976.743278217882
2020-07-05,9131.31,1.006491101602439,11003.753882049075
2020-07-06,9089.09,0.9953763479719778,11030.83221143016
2020-07-07,9348.91,1.0285859200426004,11057.978399882928
2020-07-08,9256.23,0.9900865448485439,11085.19258221832
2020-07-09,9440.07,1.0198612177960142,11112.474894511959
2020-07-10,9238.04,0.9785986756454138,11139.825474080426
2020-07-11,9287.4,1.0053431247320859,11167.244459458294
2020-07-12,9235.96,0.9944613131769924,11194.731990375762
2020-07-13,9295.9,1.0064898505407127,11222.288207737072
2020-07-14,9238.13,0.9937854322873524,11249.913253599541
2020-07-15,9254.52,1.001774168581737,11277.607271153156
2020-07-16,9193.51,0.9934075457182003,11305.37040470089
2020-07-17,9131.0,0.9932006382763493,11333.202799639575
2020-07-18,9154.19,1.0025396999233382,11361.104602441348
2020-07-19,9174.71,1.002241596471124,11389.075960635664
2020-07-20,9214.66,1.0043543610642736,11417.11702279193
2020-07-21,9163.87,0.9944881308697229,11445.2279385025
2020-07-22,9392.66,1.0249665261510692,11473.408858366407
2020-07-23,9537.4,1.01540990518128,11501.659933973417
2020-07-24,9613.11,1.0079382221569821,11529.981317888703
2020-07-25,9551.28,0.9935681584835708,11558.373163637902
2020-07-26,9707.5,1.0163559229757686,11586.835625692649
2020-07-27,9938.83,1.023830028328612,11615.368859456641
2020-07-28,11042.4,1.1110362084873169,11643.973021252054
2020-07-29,10934.94,0.9902684199087156,11672.648268306351
2020-07-30,11102.67,1.015338904465868,11701.394758739605
2020-07-31,11114.93,1.0011042388902849,11730.212651552189
2020-08-01,11343.88,1.020598420322935,11759.102106612763
2020-08-02,11823.69,1.0422968155516457,11788.06328464677
2020-08-03,11077.77,0.9369130956579544,11817.096347225242
2020-08-04,11242.57,1.014876640334652,11846.20145675389
2020-08-05,11194.25,0.9957020503319082,11875.378776462672
2020-08-06,11750.28,1.0496710364696162,11904.628470395615
2020-08-07,11772.94,1.0019284646833948,11933.95070340096
2020-08-08,11605.6,0.9857860483447635,11963.345641121656
2020-08-09,11767.6,1.013958778520714,11992.813449986148
2020-08-10,11684.06,0.9929008463917876,12022.35429719944
2020-08-11,11893.03,1.0178850502308274,12051.968350734485
2020-08-12,11392.43,0.9579081192934013,12081.655779323872
2020-08-13,11573.11,1.015859654173868,12111.416752451725
2020-08-14,11777.43,1.0176547185674378,12141.251440345914
2020-08-15,11774.38,0.9997410300889072,12171.160013970475
2020-08-16,11873.98,1.0084590441280135,12201.142645018394
2020-08-17,11914.01,1.0033712369399308,12231.19950590448
2020-08-18,12293.72,1.0318708814244741,12261.33076975857
2020-08-19,11969.53,0.9736296255323857,12291.536610419009
2020-08-20,11734.0,0.9803225356384084,12321.817202426217
2020-08-21,11865.82,1.011234020794273,12352.172721016601
2020-08-22,11522.8,0.9710917576703506,12382.60334211659
2020-08-23,11683.44,1.013941055993335,12413.109242336908
2020-08-24,11653.02,0.9973963147840019,12443.690598967114
2020-08-25,11763.93,1.0095177044234027,12474.347589970183
2020-08-26,11337.4,0.9637425588217542,12505.08039397742
2020-08-27,11467.37,1.01146382768536,12535.889190283495
2020-08-28,11302.01,0.985579954252806,12566.77415884167
2020-08-29,11534.75,1.0205927972104076,12597.735480259125
2020-08-30,11481.64,0.9953956522681462,12628.77333579261
2020-08-31,11707.78,1.0196957925871217,12659.887907344115
2020-09-01,11659.57,0.9958822253236735,12691.079377456761
2020-09-02,11923.25,1.0226148991772424,12722.347929310812
2020-09-03,11397.44,0.9559004466064203,12753.693746719911
2020-09-04,10187.51,0.8938419504730887,12785.117014127381
2020-09-05,10467.89,1.0275219361747865,12816.617916602652
2020-09-06,10159.62,0.9705508942107723,12848.196639837977
2020-09-07,10254.93,1.0093812563855735,12879.853370145089
2020-09-08,10367.74,1.0110005626562053,12911.588294452089
2020-09-09,10121.52,0.9762513334632235,12943.401600300433
2020-09-10,10227.83,1.0105033631312292,12975.29347584212
2020-09-11,10352.66,1.0122049349666546,13007.264109836831
2020-09-12,10395.44,1.0041322713196417,13039.313691649377
2020-09-13,10446.44,1.004905997244946,13071.442411247119
2020-09-14,10330.77,0.9889273283530083,13103.650459197546
2020-09-15,10674.64,1.0332859990107222,13135.938026665968
2020-09-16,10785.62,1.0103966035388547,13168.30530541331
2020-09-17,10948.43,1.0150950988445726,13200.752487794016
2020-09-18,10943.89,0.9995853286726955,13233.279766753963
2020-09-19,10931.79,0.9988943602320566,13265.887335828627
2020-09-20,11081.43,1.0136885176169685,13298.575389141239
2020-09-21,10919.65,0.9854008011601391,13331.344121400985
2020-09-22,10430.46,0.9552009450852362,13364.193727901431
2020-09-23,10532.22,1.0097560414401665,13397.124404518932
2020-09-24,10234.48,0.971730556330954,13430.136347711135
2020-09-25,10732.43,1.0486541573191799,13463.229754515589
2020-09-26,10692.84,0.9963111802266588,13496.404822548438
2020-09-27,10732.4,1.0036996719300018,13529.661750003155
2020-09-28,10774.24,1.0038984756438447,13563.000735649346
2020-09-29,10692.33,0.992397607627081,13596.421978831697
2020-09-30,10840.8,1.013885654483167,13629.925679468923
2020-10-01,10777.92,0.9941996900597743,13663.512038052744
2020-10-02,10619.24,0.9852773076808883,13697.181255647107
2020-10-03,10575.06,0.9958396269412877,13730.933533887246
2020-10-04,10551.77,0.997797648429418,13764.769074978958
2020-10-05,10673.46,1.0115326622926768,13798.688081697865
2020-10-06,10788.56,1.0107837570947003,13832.690757388797
2020-10-07,10603.74,0.9828688907509436,13866.777305965188
2020-10-08,10670.8,1.0063241837314003,13900.947931908491
2020-10-09,10923.3,1.0236627057015406,13935.202840267764
2020-10-10,11063.19,1.0128065694433002,13969.542236659194
2020-10-11,11302.67,1.0216465594462356,14003.966327265733
2020-10-12,11376.61,1.0065418171104703,14038.47531883674
2020-10-13,11540.04,1.0143654392652997,14073.06941868779
2020-10-14,11428.24,0.9903119919861628,14107.748834700309
2020-10-15,11431.32,1.0002695078157267,14142.513775321488
2020-10-16,11503.73,1.0063343515884429,14177.364449564073
2020-10-17,11327.57,0.9846867059640656,14212.301067006354
2020-10-18,11366.51,1.0034376304891517,14247.323837792017
2020-10-19,11508.2,1.0124655677072383,14282.43297263021
2020-10-20,11758.16,1.0217201647520897,14317.628682795486
2020-10-21,11925.46,1.014228416691047,14352.911180127929
2020-10-22,12831.56,1.075980297615354,14388.280677033228
2020-10-23,12990.25,1.0123671634625877,14423.737386482855
2020-10-24,12944.52,0.9964796674428898,14459.281522014227
2020-10-25,13128.46,1.0142098741397902,14494.913297730893
2020-10-26,13036.77,0.993015936370298,14530.632928302794
2020-10-27,13076.37,1.0030375622182488,14566.44062896658
2020-10-28,13651.47,1.0439800953934462,14602.336615525883
2020-10-29,13289.0,0.97344828066135,14638.321104351677
2020-10-30,13458.66,1.0127669501091128,14674.394312382638
2020-10-31,13564.72,1.0078804279177866,14710.556457125565
2020-11-01,13810.32,1.0181057920841714,14746.807756655857
2020-11-02,13758.88,0.9962752492339062,14783.148429617928
2020-11-03,13575.17,0.9866478957589572,14819.578695225677
2020-11-04,14023.31,1.0330117412894277,14856.098773263106
2020-11-05,14155.59,1.009432865707169,14892.708884084752
2020-11-06,15591.39,1.1014298944798486,14929.409248616337
2020-11-07,15595.77,1.000280924279362,14966.20008835538
2020-11-08,14839.84,0.951529805838378,15003.081625371718
2020-11-09,15490.6,1.043852224821831,15040.05408230828
2020-11-10,15328.53,0.9895375259834996,15077.11768238169
2020-11-11,15317.04,0.9992504173590031,15114.272649382963
2020-11-12,15708.65,1.0255669502723763,15151.519207678237
2020-11-13,16295.57,1.0373628542236284,15188.857582209484
2020-11-14,16339.33,1.0026853924103298,15226.287998495329
2020-11-15,16091.07,0.9848059865367796,15263.810682631763
2020-11-16,15968.16,0.9923616018077107,15301.425861292995
2020-11-17,16725.15,1.0474062133645956,15339.13376173227
2020-11-18,17679.72,1.0570739275880934,15376.934611782648
2020-11-19,17798.45,1.0067156040932774,15414.828639857917
2020-11-20,17820.57,1.001242804850984,15452.816074953467
2020-11-21,18687.45,1.0486449086645377,15490.897146647198
2020-11-22,18699.75,1.000658195740992,15529.072085100406
2020-11-23,18422.28,0.9851618337143544,15567.341121058727
2020-11-24,18398.91,0.9987314273803243,15605.704485853059
2020-11-25,19172.52,1.042046512537971,15644.16241140056
2020-11-26,18739.8,0.9774301969694124,15682.715130205657
2020-11-27,17151.44,0.9152413579653998,15721.362875360921
2020-11-28,17138.87,0.9992671169301237,15760.10588054822
2020-11-29,17732.42,1.0346318047805951,15798.944380039642
2020-11-30,18191.6,1.0258949427094552,15837.878608698622
2020-12-01,19709.73,1.083452252688054,15876.908801980939
2020-12-02,18792.52,0.9534641012332488,15916.035195935792
2020-12-03,19226.97,1.02311824066171,15955.258027206868
2020-12-04,19454.54,1.0118359783158761,15994.577533033531
2020-12-05,18670.49,0.9596983531864542,16033.993951251821
2020-12-06,19155.06,1.0259537912502563,16073.50752029561
2020-12-07,19377.66,1.0116209502867648,16113.118479197778
2020-12-08,19181.41,0.9898723581691494,16152.82706759132
2020-12-09,18318.87,0.9550325028243491,16192.633525710533
2020-12-10,18554.15,1.0128435869679735,16232.538094392166
2020-12-11,18247.76,0.9834867132151026,16272.541015076635
2020-12-12,18029.36,0.988031407690588,16312.642529809176
2020-12-13,18803.44,1.0429344136452985,16352.842881241078
2020-12-14,19164.48,1.019200741991891,16393.142312630924
2020-12-15,19276.59,1.0058498847868558,16433.541067845767
2020-12-16,19439.75,1.0084641526328049,16474.039391362425
2020-12-17,21379.48,1.0997816329942514,16514.637528268704
2020-12-18,22847.46,1.0686630357707483,16555.33572426468
2020-12-19,23150.79,1.0132763116775345,16596.134225663893
2020-12-20,23869.92,1.0310628708566747,16637.033279394745
2020-12-21,23490.58,0.9841080322011972,16678.033133001747
2020-12-22,22745.48,0.9682809023872547,16719.13403464676
2020-12-23,23824.99,1.0474604185095238,16760.336233110338
2020-12-24,23253.37,0.9760075450189065,16801.639977793126
2020-12-25,23715.53,1.0198749686604565,16843.045518717114
2020-12-26,24693.58,1.0412409083836627,16884.553106526953
2020-12-27,26443.21,1.070853638881037,16926.162992491318
2020-12-28,26246.58,0.9925640646502449,16967.875428504343
2020-12-29,27036.69,1.0301033506079649,17009.690667086892
2020-12-30,27376.37,1.01256366811174,17051.608961387927
2020-12-31,28856.59,1.0540692575385269,17093.63056518595
2021-01-01,28982.56,1.0043653806634811,17135.755732890393
2021-01-02,29393.75,1.0141874975847545,17177.984719542936
2021-01-03,32195.46,1.0953165213693388,17220.317780818994
2021-01-04,33000.78,1.0250134646313487,17262.755173029076
2021-01-05,32035.03,0.9707355401902622,17305.29715312021
2021-01-06,34046.67,1.0627950090884883,17347.943978677442
2021-01-07,36860.41,1.082643618303934,17390.695907925186
2021-01-08,39486.04,1.0712317090341643,17433.55319972871
2021-01-09,40670.25,1.0299905992092395,17476.516113595586
2021-01-10,40240.72,0.9894387174900573,17519.58490967709
2021-01-11,38240.09,0.950283444232608,17562.75984876974
2021-01-12,35544.94,0.9295203018612144,17606.04119231676
2021-01-13,34011.82,0.9568681224388056,17649.429202409523
2021-01-14,37393.13,1.099415732530632,17692.924141789084
2021-01-15,39158.47,1.0472102763261595,17736.526273847605
2021-01-16,36828.52,0.9404994628237517,17780.23586262993
2021-01-17,36065.2,0.9792736716001621,17824.05317283502
2021-01-18,35793.01,0.9924528354202945,17867.97846981752
2021-01-19,36632.35,1.0234498300087083,17912.012019589256
2021-01-20,36020.13,0.983287449481128,17956.15408882078
2021-01-21,35538.98,0.9866421914634957,18000.404944842874
2021-01-22,30797.88,0.8665943704630802,18044.764855648107
2021-01-23,33002.38,1.0715796022323614,18089.234089892405
2021-01-24,32099.74,0.9726492452968545,18133.812916896524
2021-01-25,32276.84,1.0055171786438146,18178.501606647686
2021-01-26,32243.26,0.9989596255395509,18223.30042980113
2021-01-27,32541.8,1.0092589893205588,18268.209657681644
2021-01-28,30419.17,0.9347722006772827,18313.229562285167
2021-01-29,33403.17,1.0980960361508878,18358.360416280353
2021-01-30,34314.26,1.0272755549847516,18403.602493010232
2021-01-31,34318.1,1.0001119068282398,18448.956066493673
2021-02-01,33136.46,0.9655680238707854,18494.421411427127
2021-02-02,33522.9,1.011662078568441,18539.998803186114
2021-02-03,35529.66,1.05986236274308,18585.688517826897
2021-02-04,37676.25,1.060416846094221,18631.490832088097
2021-02-05,37002.09,0.9821064994525728,18677.40602339229
2021-02-06,38278.61,1.034498591836299,18723.434369847666
2021-02-07,39323.26,1.0272906983822037,18769.576150249643
2021-02-08,38928.1,0.9899509857524528,18815.831644082515
2021-02-09,46364.3,1.1910239646938845,18862.20113152111
2021-02-10,46589.58,1.0048589108430408,18908.684893432357
2021-02-11,44878.17,0.9632662496635513,18955.283211377107
2021-02-12,48013.38,1.0698604689094944,19001.996367611628
2021-02-13,47471.4,0.9887118965588343,19048.824645089408
2021-02-14,47185.19,0.9939708961606357,19095.76832746267
2021-02-15,48720.37,1.032535208611007,19142.827699084235
2021-02-16,47951.85,0.9842258997622554,19190.00304500909
2021-02-17,49160.1,1.0251971508919886,19237.294650996082
2021-02-18,52118.23,1.0601733926497303,19284.70280350966
2021-02-19,51608.15,0.990213021432232,19332.22778972154
2021-02-20,55916.5,1.083481969417621,19379.869897512406
2021-02-21,56001.2,1.0015147586132893,19427.629415473628
2021-02-22,57487.86,1.02654693113719,19475.506632909008
2021-02-23,54123.4,0.9414752958276756,19523.501839836452
2021-02-24,48880.43,0.9031293303820529,19571.61532698974
2021-02-25,50624.84,1.0356872883483226,19619.847385820252
2021-02-26,46800.42,0.9244556624771555,19668.19830849864
2021-02-27,46340.31,0.9901686779734028,19716.668387916652
2021-02-28,46155.87,0.9960198798842737,19765.257917688825
2021-03-01,45113.92,0.9774254065625888,19813.967192154298
2021-03-02,49618.43,1.0998474528482562,19862.796506378505
2021-03-03,48356.04,0.9745580422435777,19911.746156154994
2021-03-04,50477.7,1.0438758012442706,19960.816438007092
2021-03-05,48448.91,0.9598081925285821,20010.00764918982
2021-03-06,48861.38,1.0085135042253788,20059.32008769158
2021-03-07,48881.59,1.0004136190995834,20108.754052235963
2021-03-08,51169.7,1.0468092384065248,20158.30984228352
2021-03-09,52299.33,1.0220761505343985,20207.987758033545
2021-03-10,54881.52,1.0493732902505633,20257.788100425925
2021-03-11,55997.23,1.0203294296513654,20307.71117114292
2021-03-12,57764.0,1.0315510249346262,20357.75727261099
2021-03-13,57253.28,0.9911585070285991,20407.926708002506
2021-03-14,61258.73,1.0699601839405533,20458.219781237713
2021-03-15,59133.47,0.9653068223908657,20508.636796986466
2021-03-16,55754.72,0.9428623079281496,20559.17806067007
2021-03-17,56872.38,1.020046015835072,20609.843878463136
2021-03-18,58913.0,1.0358806858443415,20660.63455729538
2021-03-19,57665.9,0.978831497292618,20711.550404853555
2021-03-20,58075.1,1.0070960480977493,20762.591729583182
2021-03-21,58085.8,1.0001842441941555,20813.7588406905
2021-03-22,57411.17,0.9883856295342407,20865.052048144233
2021-03-23,54204.96,0.9441535506069638,20916.471662677548
2021-03-24,54477.46,1.0050272152216329,20968.017995789876
2021-03-25,52508.23,0.963852389593788,21019.6913597488
2021-03-26,51415.92,0.9791973563001456,21071.492067591917
2021-03-27,55074.47,1.071155976592464,21123.42043312871
2021-03-28,55863.93,1.014334409391502,21175.47677094248
2021-03-29,55783.71,0.9985640108026771,21227.661396392243
2021-03-30,57627.67,1.0330555282178255,21279.97462561454
2021-03-31,58730.13,1.0191307404932388,21332.416775525453
2021-04-01,58735.25,1.0000871784210252,21384.98816382246
2021-04-02,58736.92,1.00002843267033,21437.68910898635
2021-04-03,59031.32,1.0050121797329516,21490.519930283124
2021-04-04,57076.49,0.9668848672196386,21543.48094776598
2021-04-05,58206.55,1.0197990451059622,21596.572482277214
2021-04-06,59054.1,1.0145610760301031,21649.79485545012
2021-04-07,58020.46,0.9824967275769168,21703.14838971096
2021-04-08,55947.27,0.964267949616394,21756.633408280923
2021-04-09,58048.59,1.0375589371921097,21810.25023517802
2021-04-10,58102.58,1.0009300828840115,21863.99919521909
2021-04-11,59774.0,1.028766708810521,21917.880614021746
2021-04-12,59964.87,1.0031931943654433,21971.894818006356
2021-04-13,59834.74,0.9978298960708161,22026.042134397998
2021-04-14,63554.44,1.062166226509884,22080.322891228392
2021-04-15,62969.12,0.9907902579269049,22134.737417337932
2021-04-16,63252.63,1.0045023656039658,22189.286042377695
2021-04-17,61455.98,0.97159564748533,22243.969096811394
2021-04-18,60087.09,0.9777256826756321,22298.78691191733
2021-04-19,56251.48,0.9361658219760685,22353.739819790466
2021-04-20,55703.14,0.9902519898143124,22408.82815334443
2021-04-21,56507.91,1.0144474799804823,22464.05224631342
2021-04-22,53808.8,0.9522348287169,22519.412433254412
2021-04-23,51731.71,0.9613986931505627,22574.909049548973
2021-04-24,51153.13,0.9888157572985699,22630.542431405447
2021-04-25,50110.53,0.9796180605175089,22686.312915860904
2021-04-26,49075.58,0.9793466562816239,22742.220840783168
2021-04-27,54056.64,1.101497730643224,22798.266544872957
2021-04-28,55071.46,1.0187732718866729,22854.450367665802
2021-04-29,54884.1,0.9965978748338976,22910.77264953417
2021-04-30,53584.15,0.9763146339285877,22967.233731689506
2021-05-01,57796.62,1.0786141051038414,23023.83395618432
2021-05-02,57857.5,1.001053348794445,23080.5736659142
2021-05-03,56610.46,0.9784463552694119,23137.453204619953
2021-05-04,57213.33,1.0106494453498525,23194.47291688964
2021-05-05,53241.72,0.9305824359463083,23251.633148160676
